relative_path,size_bytes
README.md,3845
assets/audio/README.md,113
assets/backgrounds/README.md,119
assets/backgrounds/bg_board_grass.svg,434
assets/backgrounds/bg_home_region.svg,440
assets/backgrounds/bg_rank.svg,437
assets/backgrounds/board.png,7619
assets/backgrounds/home_region.png,8470
assets/cards/README.md,113
assets/cards/block_1.png,21700
assets/cards/block_10.png,22628
assets/cards/block_11.png,21860
assets/cards/block_12.png,23017
assets/cards/block_13.png,22758
assets/cards/block_14.png,22894
assets/cards/block_15.png,22751
assets/cards/block_16.png,22901
assets/cards/block_2.png,22198
assets/cards/block_3.png,21947
assets/cards/block_4.png,22219
assets/cards/block_5.png,21925
assets/cards/block_6.png,22091
assets/cards/block_7.png,21912
assets/cards/block_8.png,22035
assets/cards/block_9.png,22068
assets/cards/block_bg.png,4427
assets/cards/card_frame.svg,308
assets/cards/card_icon_01_hay.svg,428
assets/cards/card_icon_02_pitchfork.svg,428
assets/cards/card_icon_03_scissors.svg,428
assets/cards/card_icon_04_brush.svg,428
assets/cards/card_icon_05_stump.svg,428
assets/cards/card_icon_06_cabbage.svg,428
assets/cards/card_icon_07_bottle.svg,428
assets/cards/card_icon_08_fire.svg,428
assets/cards/card_icon_09_yarn.svg,431
assets/cards/card_icon_10_corn.svg,428
assets/cards/card_icon_11_bucket.svg,428
assets/cards/card_icon_12_gloves.svg,428
assets/cards/card_icon_13_grass.svg,428
assets/cards/card_icon_14_carrot.svg,431
assets/cards/card_icon_15_bell.svg,428
assets/cards/card_icon_16_woolball.svg,431
assets/effects/README.md,115
assets/effects/effect_match.svg,434
assets/effects/effect_shuffle.svg,434
assets/effects/effect_win.svg,434
assets/effects/match.png,7314
assets/effects/shuffle.png,7727
assets/effects/win.png,7604
assets/sheep/README.md,113
assets/sheep/grave_default.png,6453
assets/sheep/grave_default.svg,428
assets/sheep/sheep_default.png,6819
assets/sheep/sheep_default.svg,431
assets/social/README.md,114
assets/social/barrage_bubble.svg,434
assets/social/block_bg.png,4427
assets/social/friend_feed_bg.png,7886
assets/social/honor_bg.png,6889
assets/social/rank_bg.png,7523
assets/social/social_friend_feed_bg.svg,437
assets/social/social_honor_bg.svg,431
assets/social/social_profile_bg.svg,431
assets/social/social_rank_bg.svg,434
assets/social/social_topic_pk_bg.svg,433
assets/social/topic_pk_bg.png,7432
assets/ui/README.md,110
assets/ui/btn_primary.svg,431
assets/ui/btn_secondary.svg,431
assets/ui/icon_prop_remove.svg,428
assets/ui/icon_prop_shuffle.svg,428
assets/ui/icon_prop_undo.svg,428
assets/ui/icon_share.svg,428
assets/ui/icon_video.svg,428
assets/ui/popup_fail.svg,434
assets/ui/popup_revive.svg,434
assets/ui/popup_win.svg,434
assets/ui/prop_cancel.png,6396
assets/ui/prop_life_remove.png,7623
assets/ui/prop_random.png,6414
assets/ui/prop_remove.png,6313
assets/ui/reward_share.png,6134
assets/ui/reward_video.png,6521
assets/ui/slot_bar.svg,431
community_index/audio_native_confirmed.csv,1285
community_index/audio_native_confirmed_v09.csv,1252
community_index/audio_native_presence_v08.csv,3832
community_index/audio_resource_keys.csv,2039
community_index/block_spriteframes.csv,1968
community_index/block_spriteframes_full.csv,2198
community_index/gameplay_prop_spriteframes_v09.csv,543
community_index/generated/community_gameplay_config.json,441
community_index/generated/resource_file_index.csv,1956
community_index/generated/sheep_skins.csv,2365
community_index/generated/sheep_spine_assets.json,1449
community_index/key_native_crosscheck_v08.csv,1296
community_index/known_ui_spriteframes.csv,1223
community_index/main_native_textures_v09.csv,843
community_index/main_popup_symbols_v09.csv,1534
community_index/main_ui_spriteframes_full_v09.csv,7235
community_index/main_ui_spriteframes_key_v09.csv,3976
community_index/main_ui_texture_distribution_v09.csv,522
community_index/native_asset_files.csv,2647
community_index/native_png_full_map_v09.csv,2010
community_index/rank_spriteframes_exact.csv,1564
community_index/resource_keys.txt,476
community_index/reward_spriteframes_exact.csv,1420
community_index/semantic_card_set.csv,1016
community_index/sheep_spine_catalog_v09.csv,1968
community_index/snapshot_crosscheck_v08.csv,1115
community_index/spine_dependency_map.csv,997
community_index/verified_resource_keys.csv,1163
docs/01_原素材搜集进展_v0.2.md,1073
docs/02_来源与页面模块映射.md,751
docs/03_占位资源使用说明.md,592
docs/04_规格与命名规范_v0.2.md,563
docs/05_社区构建资产索引与可信度.md,1305
docs/06_v012_v011项目资源映射说明.md,1166
docs/07_原版截图参考矩阵.md,1075
docs/08_牌面编号与语义映射状态.md,952
docs/09_社区资产来源与使用边界.md,1077
docs/10_2022截图参考新增索引.md,1433
docs/11_社区资源反解新发现_v0.5.md,2170
docs/12_v012真实资源落位说明_v0.5.md,1267
docs/13_社区原生图集文件定位_v0.6.md,1006
docs/14_本地Cocos构建自动扫描_v0.6.md,696
docs/15_当前美术缺口与下一轮目标_v0.6.md,925
docs/16_rewardIcon与rank精确裁剪_v0.7.md,910
docs/17_2022首周换装与社交证据_v0.7.md,879
docs/18_音频资源映射_v0.7.md,486
docs/19_当前缺口_v0.7.md,484
docs/20_双仓2022快照交叉验证_v0.8.md,1645
docs/21_话题PK朋友圈与首周换装_v0.8.md,1252
docs/22_prop_random精确裁切状态_v0.8.md,990
docs/23_音频文件存在性与接入边界_v0.8.md,626
docs/24_资源供应链与许可门禁_v0.8.md,761
docs/25_社区原生PNG完整映射_v0.9.md,1104
docs/26_2022首页与社交页面核验_v0.9.md,1848
docs/27_音频版权与存在性边界_v0.9.md,1031
docs/28_rewardIcon缺失元数据结论_v0.9.md,928
docs/31_来源收据与可复核路径_v0.9.md,511
docs/32_assets_main主UI图集反解_v0.9.md,1201
docs/33_三大道具精确对局图标_v0.9.md,803
docs/34_首页社交弹窗结构_v0.9.md,848
docs/35_首周皮肤证据边界_v0.9.md,855
docs/36_羊群主题Spine结构_v0.9.md,683
docs/37_主UI反解后的剩余缺口_v0.9.md,752
dropin/v0.11/sheep_integration_v0_11/assets/asset-map.json,254
dropin/v0.11/sheep_integration_v0_11/assets/backgrounds/board.png,7619
dropin/v0.11/sheep_integration_v0_11/assets/backgrounds/home_region.png,8470
dropin/v0.11/sheep_integration_v0_11/assets/cards/block_1.png,21700
dropin/v0.11/sheep_integration_v0_11/assets/cards/block_10.png,22628
dropin/v0.11/sheep_integration_v0_11/assets/cards/block_11.png,21860
dropin/v0.11/sheep_integration_v0_11/assets/cards/block_12.png,23017
dropin/v0.11/sheep_integration_v0_11/assets/cards/block_13.png,22758
dropin/v0.11/sheep_integration_v0_11/assets/cards/block_14.png,22894
dropin/v0.11/sheep_integration_v0_11/assets/cards/block_15.png,22751
dropin/v0.11/sheep_integration_v0_11/assets/cards/block_16.png,22901
dropin/v0.11/sheep_integration_v0_11/assets/cards/block_2.png,22198
dropin/v0.11/sheep_integration_v0_11/assets/cards/block_3.png,21947
dropin/v0.11/sheep_integration_v0_11/assets/cards/block_4.png,22219
dropin/v0.11/sheep_integration_v0_11/assets/cards/block_5.png,21925
dropin/v0.11/sheep_integration_v0_11/assets/cards/block_6.png,22091
dropin/v0.11/sheep_integration_v0_11/assets/cards/block_7.png,21912
dropin/v0.11/sheep_integration_v0_11/assets/cards/block_8.png,22035
dropin/v0.11/sheep_integration_v0_11/assets/cards/block_9.png,22068
dropin/v0.11/sheep_integration_v0_11/assets/cards/block_bg.png,4427
dropin/v0.11/sheep_integration_v0_11/assets/effects/match.png,7314
dropin/v0.11/sheep_integration_v0_11/assets/effects/shuffle.png,7727
dropin/v0.11/sheep_integration_v0_11/assets/effects/win.png,7604
dropin/v0.11/sheep_integration_v0_11/assets/sheep/grave_default.png,6453
dropin/v0.11/sheep_integration_v0_11/assets/sheep/sheep_default.png,6819
dropin/v0.11/sheep_integration_v0_11/assets/social/block_bg.png,4427
dropin/v0.11/sheep_integration_v0_11/assets/social/friend_feed_bg.png,7886
dropin/v0.11/sheep_integration_v0_11/assets/social/honor_bg.png,6889
dropin/v0.11/sheep_integration_v0_11/assets/social/rank_bg.png,7523
dropin/v0.11/sheep_integration_v0_11/assets/social/topic_pk_bg.png,7432
dropin/v0.11/sheep_integration_v0_11/assets/ui/prop_cancel.png,6396
dropin/v0.11/sheep_integration_v0_11/assets/ui/prop_life_remove.png,7623
dropin/v0.11/sheep_integration_v0_11/assets/ui/prop_random.png,6414
dropin/v0.11/sheep_integration_v0_11/assets/ui/prop_remove.png,6313
dropin/v0.11/sheep_integration_v0_11/assets/ui/reward_share.png,6134
dropin/v0.11/sheep_integration_v0_11/assets/ui/reward_video.png,6521
dropin/v0.11/sheep_integration_v0_11/wechat_integration/assets/backgrounds/board.png,7619
dropin/v0.11/sheep_integration_v0_11/wechat_integration/assets/backgrounds/home_region.png,8470
dropin/v0.11/sheep_integration_v0_11/wechat_integration/assets/cards/block_1.png,21700
dropin/v0.11/sheep_integration_v0_11/wechat_integration/assets/cards/block_10.png,22628
dropin/v0.11/sheep_integration_v0_11/wechat_integration/assets/cards/block_11.png,21860
dropin/v0.11/sheep_integration_v0_11/wechat_integration/assets/cards/block_12.png,23017
dropin/v0.11/sheep_integration_v0_11/wechat_integration/assets/cards/block_13.png,22758
dropin/v0.11/sheep_integration_v0_11/wechat_integration/assets/cards/block_14.png,22894
dropin/v0.11/sheep_integration_v0_11/wechat_integration/assets/cards/block_15.png,22751
dropin/v0.11/sheep_integration_v0_11/wechat_integration/assets/cards/block_16.png,22901
dropin/v0.11/sheep_integration_v0_11/wechat_integration/assets/cards/block_2.png,22198
dropin/v0.11/sheep_integration_v0_11/wechat_integration/assets/cards/block_3.png,21947
dropin/v0.11/sheep_integration_v0_11/wechat_integration/assets/cards/block_4.png,22219
dropin/v0.11/sheep_integration_v0_11/wechat_integration/assets/cards/block_5.png,21925
dropin/v0.11/sheep_integration_v0_11/wechat_integration/assets/cards/block_6.png,22091
dropin/v0.11/sheep_integration_v0_11/wechat_integration/assets/cards/block_7.png,21912
dropin/v0.11/sheep_integration_v0_11/wechat_integration/assets/cards/block_8.png,22035
dropin/v0.11/sheep_integration_v0_11/wechat_integration/assets/cards/block_9.png,22068
dropin/v0.11/sheep_integration_v0_11/wechat_integration/assets/cards/block_bg.png,4427
dropin/v0.11/sheep_integration_v0_11/wechat_integration/assets/effects/match.png,7314
dropin/v0.11/sheep_integration_v0_11/wechat_integration/assets/effects/shuffle.png,7727
dropin/v0.11/sheep_integration_v0_11/wechat_integration/assets/effects/win.png,7604
dropin/v0.11/sheep_integration_v0_11/wechat_integration/assets/sheep/grave_default.png,6453
dropin/v0.11/sheep_integration_v0_11/wechat_integration/assets/sheep/sheep_default.png,6819
dropin/v0.11/sheep_integration_v0_11/wechat_integration/assets/social/block_bg.png,4427
dropin/v0.11/sheep_integration_v0_11/wechat_integration/assets/social/friend_feed_bg.png,7886
dropin/v0.11/sheep_integration_v0_11/wechat_integration/assets/social/honor_bg.png,6889
dropin/v0.11/sheep_integration_v0_11/wechat_integration/assets/social/rank_bg.png,7523
dropin/v0.11/sheep_integration_v0_11/wechat_integration/assets/social/topic_pk_bg.png,7432
dropin/v0.11/sheep_integration_v0_11/wechat_integration/assets/ui/prop_cancel.png,6396
dropin/v0.11/sheep_integration_v0_11/wechat_integration/assets/ui/prop_life_remove.png,7623
dropin/v0.11/sheep_integration_v0_11/wechat_integration/assets/ui/prop_random.png,6414
dropin/v0.11/sheep_integration_v0_11/wechat_integration/assets/ui/prop_remove.png,6313
dropin/v0.11/sheep_integration_v0_11/wechat_integration/assets/ui/reward_share.png,6134
dropin/v0.11/sheep_integration_v0_11/wechat_integration/assets/ui/reward_video.png,6521
dropin/v0.12/sheep_full_v0_12/assets/asset-map.json,1158
dropin/v0.12/sheep_full_v0_12/assets/backgrounds/board.png,7619
dropin/v0.12/sheep_full_v0_12/assets/backgrounds/home_region.png,8470
dropin/v0.12/sheep_full_v0_12/assets/cards/block_1.png,21700
dropin/v0.12/sheep_full_v0_12/assets/cards/block_10.png,22628
dropin/v0.12/sheep_full_v0_12/assets/cards/block_11.png,21860
dropin/v0.12/sheep_full_v0_12/assets/cards/block_12.png,23017
dropin/v0.12/sheep_full_v0_12/assets/cards/block_13.png,22758
dropin/v0.12/sheep_full_v0_12/assets/cards/block_14.png,22894
dropin/v0.12/sheep_full_v0_12/assets/cards/block_15.png,22751
dropin/v0.12/sheep_full_v0_12/assets/cards/block_16.png,22901
dropin/v0.12/sheep_full_v0_12/assets/cards/block_2.png,22198
dropin/v0.12/sheep_full_v0_12/assets/cards/block_3.png,21947
dropin/v0.12/sheep_full_v0_12/assets/cards/block_4.png,22219
dropin/v0.12/sheep_full_v0_12/assets/cards/block_5.png,21925
dropin/v0.12/sheep_full_v0_12/assets/cards/block_6.png,22091
dropin/v0.12/sheep_full_v0_12/assets/cards/block_7.png,21912
dropin/v0.12/sheep_full_v0_12/assets/cards/block_8.png,22035
dropin/v0.12/sheep_full_v0_12/assets/cards/block_9.png,22068
dropin/v0.12/sheep_full_v0_12/assets/cards/block_bg.png,4427
dropin/v0.12/sheep_full_v0_12/assets/effects/match.png,7314
dropin/v0.12/sheep_full_v0_12/assets/effects/shuffle.png,7727
dropin/v0.12/sheep_full_v0_12/assets/effects/win.png,7604
dropin/v0.12/sheep_full_v0_12/assets/sheep/grave_default.png,6453
dropin/v0.12/sheep_full_v0_12/assets/sheep/sheep_default.png,6819
dropin/v0.12/sheep_full_v0_12/assets/social/block_bg.png,4427
dropin/v0.12/sheep_full_v0_12/assets/social/friend_feed_bg.png,7886
dropin/v0.12/sheep_full_v0_12/assets/social/honor_bg.png,6889
dropin/v0.12/sheep_full_v0_12/assets/social/rank_bg.png,7523
dropin/v0.12/sheep_full_v0_12/assets/social/topic_pk_bg.png,7432
dropin/v0.12/sheep_full_v0_12/assets/ui/prop_cancel.png,6396
dropin/v0.12/sheep_full_v0_12/assets/ui/prop_life_remove.png,7623
dropin/v0.12/sheep_full_v0_12/assets/ui/prop_random.png,6414
dropin/v0.12/sheep_full_v0_12/assets/ui/prop_remove.png,6313
dropin/v0.12/sheep_full_v0_12/assets/ui/reward_share.png,6134
dropin/v0.12/sheep_full_v0_12/assets/ui/reward_video.png,6521
dropin/v0.12/sheep_full_v0_12/wechat_full/assets/backgrounds/board.png,7619
dropin/v0.12/sheep_full_v0_12/wechat_full/assets/backgrounds/home_region.png,8470
dropin/v0.12/sheep_full_v0_12/wechat_full/assets/cards/block_1.png,21700
dropin/v0.12/sheep_full_v0_12/wechat_full/assets/cards/block_10.png,22628
dropin/v0.12/sheep_full_v0_12/wechat_full/assets/cards/block_11.png,21860
dropin/v0.12/sheep_full_v0_12/wechat_full/assets/cards/block_12.png,23017
dropin/v0.12/sheep_full_v0_12/wechat_full/assets/cards/block_13.png,22758
dropin/v0.12/sheep_full_v0_12/wechat_full/assets/cards/block_14.png,22894
dropin/v0.12/sheep_full_v0_12/wechat_full/assets/cards/block_15.png,22751
dropin/v0.12/sheep_full_v0_12/wechat_full/assets/cards/block_16.png,22901
dropin/v0.12/sheep_full_v0_12/wechat_full/assets/cards/block_2.png,22198
dropin/v0.12/sheep_full_v0_12/wechat_full/assets/cards/block_3.png,21947
dropin/v0.12/sheep_full_v0_12/wechat_full/assets/cards/block_4.png,22219
dropin/v0.12/sheep_full_v0_12/wechat_full/assets/cards/block_5.png,21925
dropin/v0.12/sheep_full_v0_12/wechat_full/assets/cards/block_6.png,22091
dropin/v0.12/sheep_full_v0_12/wechat_full/assets/cards/block_7.png,21912
dropin/v0.12/sheep_full_v0_12/wechat_full/assets/cards/block_8.png,22035
dropin/v0.12/sheep_full_v0_12/wechat_full/assets/cards/block_9.png,22068
dropin/v0.12/sheep_full_v0_12/wechat_full/assets/cards/block_bg.png,4427
dropin/v0.12/sheep_full_v0_12/wechat_full/assets/effects/match.png,7314
dropin/v0.12/sheep_full_v0_12/wechat_full/assets/effects/shuffle.png,7727
dropin/v0.12/sheep_full_v0_12/wechat_full/assets/effects/win.png,7604
dropin/v0.12/sheep_full_v0_12/wechat_full/assets/sheep/grave_default.png,6453
dropin/v0.12/sheep_full_v0_12/wechat_full/assets/sheep/sheep_default.png,6819
dropin/v0.12/sheep_full_v0_12/wechat_full/assets/social/block_bg.png,4427
dropin/v0.12/sheep_full_v0_12/wechat_full/assets/social/friend_feed_bg.png,7886
dropin/v0.12/sheep_full_v0_12/wechat_full/assets/social/honor_bg.png,6889
dropin/v0.12/sheep_full_v0_12/wechat_full/assets/social/rank_bg.png,7523
dropin/v0.12/sheep_full_v0_12/wechat_full/assets/social/topic_pk_bg.png,7432
dropin/v0.12/sheep_full_v0_12/wechat_full/assets/ui/prop_cancel.png,6396
dropin/v0.12/sheep_full_v0_12/wechat_full/assets/ui/prop_life_remove.png,7623
dropin/v0.12/sheep_full_v0_12/wechat_full/assets/ui/prop_random.png,6414
dropin/v0.12/sheep_full_v0_12/wechat_full/assets/ui/prop_remove.png,6313
dropin/v0.12/sheep_full_v0_12/wechat_full/assets/ui/reward_share.png,6134
dropin/v0.12/sheep_full_v0_12/wechat_full/assets/ui/reward_video.png,6521
dropin/v0.12_runtime/sheep_full_v0_12/assets/art/asset-manifest.json,802
dropin/v0.12_runtime/sheep_full_v0_12/assets/art/backgrounds/board.png,7619
dropin/v0.12_runtime/sheep_full_v0_12/assets/art/backgrounds/home_region.png,8470
dropin/v0.12_runtime/sheep_full_v0_12/assets/art/cards/block_1.png,21700
dropin/v0.12_runtime/sheep_full_v0_12/assets/art/cards/block_10.png,22628
dropin/v0.12_runtime/sheep_full_v0_12/assets/art/cards/block_11.png,21860
dropin/v0.12_runtime/sheep_full_v0_12/assets/art/cards/block_12.png,23017
dropin/v0.12_runtime/sheep_full_v0_12/assets/art/cards/block_13.png,22758
dropin/v0.12_runtime/sheep_full_v0_12/assets/art/cards/block_14.png,22894
dropin/v0.12_runtime/sheep_full_v0_12/assets/art/cards/block_15.png,22751
dropin/v0.12_runtime/sheep_full_v0_12/assets/art/cards/block_16.png,22901
dropin/v0.12_runtime/sheep_full_v0_12/assets/art/cards/block_2.png,22198
dropin/v0.12_runtime/sheep_full_v0_12/assets/art/cards/block_3.png,21947
dropin/v0.12_runtime/sheep_full_v0_12/assets/art/cards/block_4.png,22219
dropin/v0.12_runtime/sheep_full_v0_12/assets/art/cards/block_5.png,21925
dropin/v0.12_runtime/sheep_full_v0_12/assets/art/cards/block_6.png,22091
dropin/v0.12_runtime/sheep_full_v0_12/assets/art/cards/block_7.png,21912
dropin/v0.12_runtime/sheep_full_v0_12/assets/art/cards/block_8.png,22035
dropin/v0.12_runtime/sheep_full_v0_12/assets/art/cards/block_9.png,22068
dropin/v0.12_runtime/sheep_full_v0_12/assets/art/cards/block_bg.png,4427
dropin/v0.12_runtime/sheep_full_v0_12/assets/art/effects/match.png,7314
dropin/v0.12_runtime/sheep_full_v0_12/assets/art/effects/shuffle.png,7727
dropin/v0.12_runtime/sheep_full_v0_12/assets/art/effects/win.png,7604
dropin/v0.12_runtime/sheep_full_v0_12/assets/art/sheep/grave_default.png,6453
dropin/v0.12_runtime/sheep_full_v0_12/assets/art/sheep/sheep_default.png,6819
dropin/v0.12_runtime/sheep_full_v0_12/assets/art/social/block_bg.png,4427
dropin/v0.12_runtime/sheep_full_v0_12/assets/art/social/friend_feed_bg.png,7886
dropin/v0.12_runtime/sheep_full_v0_12/assets/art/social/honor_bg.png,6889
dropin/v0.12_runtime/sheep_full_v0_12/assets/art/social/rank_bg.png,7523
dropin/v0.12_runtime/sheep_full_v0_12/assets/art/social/topic_pk_bg.png,7432
dropin/v0.12_runtime/sheep_full_v0_12/assets/art/ui/prop_cancel.png,6396
dropin/v0.12_runtime/sheep_full_v0_12/assets/art/ui/prop_life_remove.png,7623
dropin/v0.12_runtime/sheep_full_v0_12/assets/art/ui/prop_random.png,6414
dropin/v0.12_runtime/sheep_full_v0_12/assets/art/ui/prop_remove.png,6313
dropin/v0.12_runtime/sheep_full_v0_12/assets/art/ui/reward_share.png,6134
dropin/v0.12_runtime/sheep_full_v0_12/assets/art/ui/reward_video.png,6521
dropin/v0.12_wechat/sheep_full_v0_12/wechat_full/assets/art/asset-manifest.json,802
dropin/v0.12_wechat/sheep_full_v0_12/wechat_full/assets/art/backgrounds/board.png,7619
dropin/v0.12_wechat/sheep_full_v0_12/wechat_full/assets/art/backgrounds/home_region.png,8470
dropin/v0.12_wechat/sheep_full_v0_12/wechat_full/assets/art/cards/block_1.png,21700
dropin/v0.12_wechat/sheep_full_v0_12/wechat_full/assets/art/cards/block_10.png,22628
dropin/v0.12_wechat/sheep_full_v0_12/wechat_full/assets/art/cards/block_11.png,21860
dropin/v0.12_wechat/sheep_full_v0_12/wechat_full/assets/art/cards/block_12.png,23017
dropin/v0.12_wechat/sheep_full_v0_12/wechat_full/assets/art/cards/block_13.png,22758
dropin/v0.12_wechat/sheep_full_v0_12/wechat_full/assets/art/cards/block_14.png,22894
dropin/v0.12_wechat/sheep_full_v0_12/wechat_full/assets/art/cards/block_15.png,22751
dropin/v0.12_wechat/sheep_full_v0_12/wechat_full/assets/art/cards/block_16.png,22901
dropin/v0.12_wechat/sheep_full_v0_12/wechat_full/assets/art/cards/block_2.png,22198
dropin/v0.12_wechat/sheep_full_v0_12/wechat_full/assets/art/cards/block_3.png,21947
dropin/v0.12_wechat/sheep_full_v0_12/wechat_full/assets/art/cards/block_4.png,22219
dropin/v0.12_wechat/sheep_full_v0_12/wechat_full/assets/art/cards/block_5.png,21925
dropin/v0.12_wechat/sheep_full_v0_12/wechat_full/assets/art/cards/block_6.png,22091
dropin/v0.12_wechat/sheep_full_v0_12/wechat_full/assets/art/cards/block_7.png,21912
dropin/v0.12_wechat/sheep_full_v0_12/wechat_full/assets/art/cards/block_8.png,22035
dropin/v0.12_wechat/sheep_full_v0_12/wechat_full/assets/art/cards/block_9.png,22068
dropin/v0.12_wechat/sheep_full_v0_12/wechat_full/assets/art/cards/block_bg.png,4427
dropin/v0.12_wechat/sheep_full_v0_12/wechat_full/assets/art/effects/match.png,7314
dropin/v0.12_wechat/sheep_full_v0_12/wechat_full/assets/art/effects/shuffle.png,7727
dropin/v0.12_wechat/sheep_full_v0_12/wechat_full/assets/art/effects/win.png,7604
dropin/v0.12_wechat/sheep_full_v0_12/wechat_full/assets/art/sheep/grave_default.png,6453
dropin/v0.12_wechat/sheep_full_v0_12/wechat_full/assets/art/sheep/sheep_default.png,6819
dropin/v0.12_wechat/sheep_full_v0_12/wechat_full/assets/art/social/block_bg.png,4427
dropin/v0.12_wechat/sheep_full_v0_12/wechat_full/assets/art/social/friend_feed_bg.png,7886
dropin/v0.12_wechat/sheep_full_v0_12/wechat_full/assets/art/social/honor_bg.png,6889
dropin/v0.12_wechat/sheep_full_v0_12/wechat_full/assets/art/social/rank_bg.png,7523
dropin/v0.12_wechat/sheep_full_v0_12/wechat_full/assets/art/social/topic_pk_bg.png,7432
dropin/v0.12_wechat/sheep_full_v0_12/wechat_full/assets/art/ui/prop_cancel.png,6396
dropin/v0.12_wechat/sheep_full_v0_12/wechat_full/assets/art/ui/prop_life_remove.png,7623
dropin/v0.12_wechat/sheep_full_v0_12/wechat_full/assets/art/ui/prop_random.png,6414
dropin/v0.12_wechat/sheep_full_v0_12/wechat_full/assets/art/ui/prop_remove.png,6313
dropin/v0.12_wechat/sheep_full_v0_12/wechat_full/assets/art/ui/reward_share.png,6134
dropin/v0.12_wechat/sheep_full_v0_12/wechat_full/assets/art/ui/reward_video.png,6521
dropin/v0.12_wechat/sheep_full_v0_12/wechat_full/src/product/art-assets.js,506
extraction_tools/README.md,720
extraction_tools/README_main_ui_v09.md,566
extraction_tools/compare_cocos_snapshots.py,3374
extraction_tools/extract_cocos_spriteframes.py,2372
extraction_tools/extract_main_ui_index.py,4669
extraction_tools/resolve_local_cocos_resources.py,2954
extraction_tools/scan_cocos_build.py,9469
extraction_tools/tests/test_extract_main_ui_index.py,2020
extraction_tools/tests/test_resolve_local_cocos_resources.py,1535
extraction_tools/tests/test_scan_cocos_build.py,2084
extraction_tools/下载社区参考图集_需确认权利.ps1,881
extraction_tools/扫描本地Cocos构建.cmd,263
extraction_tools/提取主UI三大道具.cmd,425
extraction_tools/提取参考资源到_v012.ps1,911
extraction_tools/解析本地Cocos资源路径.cmd,286
manifests/asset_inventory.csv,1399
manifests/asset_spec.json,425
manifests/catalog_v03.csv,26568
manifests/catalog_v04.csv,14356
manifests/catalog_v05.csv,42881
manifests/catalog_v06.csv,21798
manifests/catalog_v07.csv,45879
manifests/catalog_v08.csv,23479
manifests/dropin_quick_map.csv,639
manifests/project_asset_map_v011.json,254
manifests/project_asset_map_v012.json,1158
manifests/source_receipt_v09.json,5371
reference_screenshots/2022_reference_gallery.html,2074
reference_screenshots/2022_reference_gallery_v07.html,1781
reference_screenshots/2022_reference_gallery_v08.html,1579
references/2022_social_skin_reference_urls.csv,2451
references/historical_ui_reference_v09.csv,830
references/historical_visual_sources_v09.csv,1136
references/source_matrix.csv,2335
references/topic_pk_friend_skin_v08.csv,1756
sources/source_links.csv,1237
tests/test_compare_cocos_snapshots.py,2518
tools/安装到_v0.11.cmd,290
tools/安装到_v0.12.cmd,276
tools/安装美术落位到_v0.12.cmd,740
