resource_key,uuid_compact,import_version,native_version,status
audio/music/topic_cycle,0fDeUK7ntC+4IGpY/+zbed,ab700,24f68,declared_in_config
audio/sound/Coin2,18ZZFchxZEWKRKwOOcn2Yg,f3c0e,78216,declared_in_config
audio/sound/random,186bIA3B9CM6jXfyml/STI,42a90,0ec5a,declared_in_config
audio/sound/Open1,20k3OzcmZOwaNBV78BeQLo,93f41,a8cad,declared_in_config
audio/sound/Open2,283i45bM9BILzzJ5AN9oSn,b7d00,70db5,declared_in_config
audio/sound/Unlock_Furniture,38KrE/gQJBBqQMR5kNNEuZ,75e58,ce53a,declared_in_config
audio/sound/Clothe_Upgrade,6df0Er4yhFHY+EdsSrby/+,447e9,a660d,declared_in_config
audio/sound/clickBlock,77B6NMac5Dh7s0KuuHv8Rl,841be,05b18,declared_in_config
audio/sound/fish-fly,79jracAOpIHpPGRMolDbnf,6fe01,9c9d7,declared_in_config
audio/sound/moveOut,80VIap+8JIPbCGT2EEyA8L,70093,bc433,declared_in_config
audio/sound/Unlock_Cat,88gH/Bq6pPjbXjcXtjKh7t,c5d25,1617c,declared_in_config
audio/sound/pop-fly-end,90T3D9d69M9YnUl7k38waN,3145d,ce67c,declared_in_config
audio/music/topic_begin,a30iEvBH5FGanKCNalW8rC,6e8a5,55101,declared_in_config
audio/sound/blockRandom,a4vauntLxB44cdt2srD80l,88ffb,f1e7e,declared_in_config
audio/music/game_cycle,a4/Pz72ClNE50tLWwepaXN,168ae,1d4ee,declared_in_config
audio/sound/Words2,abDvyIKNhIr7nfyCSqYYe9,248f1,e4bcb,declared_in_config
audio/music/main_music,afCNoL2oRPGrJic1jgZxEM,2bf60,5b35e,declared_in_config
audio/sound/reward-emitter,b2VOKv0V1KJIhyZ1seUjr8,54706,a7aaa,declared_in_config
audio/sound/levelInit,b5ODVIZiJJe6EnVgxQOAVz,f7670,a8ef0,declared_in_config
audio/music/game_begin,ba9LTo04xFOpEp/s1C3e2F,95231,6557b,declared_in_config
audio/sound/main-click,ce/lK1T8RLXKwF5Qw/L7V+,22f29,12df3,declared_in_config
audio/sound/Words1,cfjV6XniVMHaSzp0/Ddw1E,88dd6,d8710,declared_in_config
audio/sound/Coin1,da3l72pvtPorfKFbMq9fxo,a6858,ae6ac,declared_in_config
audio/sound/coin-fly,e39FCmzN5Gc4ndbAb26XYt,5dc25,08cec,declared_in_config
audio/sound/crush,f2TNgf06ZPNq58Tkt2nIVs,45e19,1acc0,declared_in_config
audio/sound/transitFont,fchWx9KvBAv6SkzLAm3DVQ,903f3,1ce42,declared_in_config
