clothesId,spName,spSkin,name_wechat_1_2_4,name_h5_1_2_8,name_changed
1,Sheeps,skin_00,羊了个羊,羊了个羊,False
2,Sheeps,skin_01,卷羊,口罩羊,True
3,Sheeps,skin_02,节日羊,节日羊,False
4,Sheeps,skin_03,披羊皮的狼,披羊皮的狼,False
5,Sheeps,skin_04,汉堡羊,汉堡羊,False
6,Sheeps,skin_05,水军羊,水军羊,False
7,Sheeps,skin_06,乌龟羊,拉斐尔,True
8,ThemeSheeps,The01A,文羊,僵尸羊,True
9,ThemeSheeps,The01B,武羊,道士羊,True
10,ThemeSheeps,The02A,狼人羊,狼人羊,False
11,ThemeSheeps,The02B,吸血鬼羊,吸血鬼羊,False
12,ThemeSheeps,The03A,黑羊,黑羊,False
13,ThemeSheeps,The03B,白羊,白羊,False
14,Sheeps,skin_07,西瓜羊,练习生,True
15,Sheeps,skin_08,建设羊,建设羊,False
16,Sheeps,skin_09,学生羊,水冰羊,True
17,Sheeps,skin_10,米饭羊,寿司羊,True
18,Sheeps,skin_11,老师羊,超级赛亚羊,True
19,Sheeps,skin_12,玄奘,玄奘,False
20,Sheeps,skin_13,公主羊,公主羊,False
21,Sheeps,skin_14,卧龙,卧龙,False
22,Sheeps,skin_15,鲨鱼羊,蓝蓝路,True
23,Sheeps,skin_16,驯鹿羊,超级英雄,True
24,Sheeps,skin_17,太空羊,太空羊,False
25,Sheeps,skin_18,粉粉羊,粉粉羊,False
26,Sheeps,skin_19,bug羊,国民老公,True
27,Sheeps,skin_20,白娘子,白娘子,False
28,Sheeps,skin_21,程序羊,护士羊,True
29,Sheeps,skin_22,八戒,八戒,False
30,Sheeps,skin_23,吐司羊,吐司羊,False
31,Sheeps,skin_24,蜗牛羊,蜗牛羊,False
32,Sheeps,skin_25,蜜蜂羊,MJ羊,True
33,Sheeps,skin_26,甜点羊,干豆腐,True
34,Sheeps,skin_27,厨师羊,修女羊,True
35,Sheeps,skin_28,雪人羊,女王羊,True
36,Sheeps,skin_29,猴羊,小波,True
37,Sheeps,skin_30,云长,云长,False
38,Sheeps,skin_31,学童羊,圣斗士羊,True
39,Sheeps,skin_32,夫子羊,祢豆子,True
40,Sheeps,skin_33,圣诞羊,圣诞羊,False
41,ThemeSheeps,The04A,五仁羊,五仁羊,False
42,ThemeSheeps,The04B,莲蓉羊,莲蓉羊,False
43,ThemeSheeps,The05A,学生羊,学生羊,False
44,ThemeSheeps,The05B,老师羊,老师羊,False
45,ThemeSheeps,The06A,嫦娥羊,嫦娥羊,False
46,ThemeSheeps,The06B,玉兔羊,玉兔羊,False
47,ThemeSheeps,The07A,学童羊,学童羊,False
48,ThemeSheeps,The07B,夫子羊,夫子羊,False
