resource_name,texture_alias,x,y,w,h,offset_x,offset_y,original_w,original_h,rotated
"coins_11",1f3fbc33c,74,145,32,65,2,0.5,70,66,0
"bullet_send_yellow",1b5f49aa9,3,649,113,68,0,0,113,68,1
"bullet_send_black",1b5f49aa9,77,649,113,68,0,0,113,68,1
"public_icon_lock_bg",14280553b,381,1267,216,216,0,0,216,216,0
"main_btn_corner_block",14280553b,314,1755,48,28,0,0,48,28,0
"public_child_icon",14280553b,187,1824,109,117,0,0,109,117,1
"coins_13",1f3fbc33c,73,290,45,65,2.5,0.5,70,66,0
"Button_Close1",14280553b,696,1859,69,76,0,0,69,76,1
"topic_desc_title",159878452,3,1508,196,51,0,0,196,51,0
"coins_19",1f3fbc33c,3,3,66,65,1,0.5,70,66,1
"Icon_Sound",14280553b,725,780,72,60,0,0,72,60,1
"Icon_Vibration",14280553b,315,1423,81,58,0,0,81,58,1
"share_game_image",14280553b,314,1789,292,247,0,0,292,247,0
"public_focus_icon",14280553b,612,1588,109,113,0,0,109,113,1
"topic_bg_gray",159878452,19,1446,50,50,0,0,50,50,0
"Base_Gen2",14280553b,599,1703,78,78,0,0,78,78,0
"topic_new_icon",159878452,19,1365,47,47,0,0,47,47,0
"rank_item_black",14280553b,315,1348,19,59,0,0,19,59,1
"main_btn_block",14280553b,3,1276,306,99,0,0,306,99,0
"coins_9",1f3fbc33c,3,635,16,65,1,0.5,70,66,1
"main_btn_gray",14280553b,3,1381,306,99,0,0,306,99,0
"midBg_bottom",14280553b,3,3,720,62,0,0,720,62,0
"rank_icon",1b5f49aa9,3,769,125,132,0,0,125,132,0
"rank_text_red",14280553b,683,1753,71,37,0,0,71,37,1
"topic_bg_yellow",159878452,75,1446,50,50,0,0,50,50,0
"羊了个羊弹幕",1b5f49aa9,3,134,509,294,-0.5,12,512,320,1
"public_me_btn",14280553b,187,1939,112,106,0,0,112,106,0
"Icon_Music",14280553b,315,1276,60,66,0,0,60,66,0
"atom",d0qC05vt5GxLaYyB/w3t//,0,0,31,31,0,0,31,31,0
"sheep",d0p5uAIMBJQ705QoOpPwCE,0,0,639,600,-0.5,20,640,640,0
"sp_setting_blue",14280553b,381,1034,81,87,0,0,81,87,1
"midBg_left",14280553b,161,1824,20,197,0,0,20,197,0
"rank_bg",14280553b,3,71,516,718,0,0,516,718,1
"rank_header_silver",14280553b,727,120,126,59,0,0,126,59,1
"add",14280553b,648,1787,20,20,0,0,20,20,0
"Skill_ShiftOut1",14280553b,485,1024,115,133,0,0,115,133,1
"pub_giveup_logo",14280553b,603,1314,191,168,0,0,191,168,1
"topic_bg",159878452,3,3,10,1499,0,0,10,1499,0
"bullet_arrow",1b5f49aa9,3,907,35,22,0,0,35,22,0
"coins_2",1f3fbc33c,3,290,64,65,-1,0.5,70,66,0
"bullet_icon",1b5f49aa9,358,129,140,117,0,0,140,117,0
"share_btn_icon",14280553b,683,1703,42,44,0,0,42,44,0
"sp_stage_2",14280553b,315,1627,54,23,0,0,54,23,0
"midBg_topic",14280553b,627,698,80,92,0,0,80,92,1
"public-tip-bg",14280553b,778,868,4,4,0,0,4,4,0
"topic_icon",1b5f49aa9,3,3,349,125,0,0,349,125,0
"public_save",14280553b,723,858,49,37,0,0,49,37,0
"public-tip-bg-blue",14280553b,778,878,4,4,0,0,4,4,0
"topic_progress_red",159878452,3,1575,14,14,0,0,14,14,0
"share_game_desc",14280553b,379,1489,294,214,0,0,294,214,1
"Base_Gen1",14280553b,612,1830,78,78,0,0,78,78,0
"rank_header_yellow",14280553b,727,252,126,59,0,0,126,59,1
"coins_6",1f3fbc33c,74,574,42,65,-1,0.5,70,66,0
"rank_item_yellow",14280553b,315,1373,19,59,0,0,19,59,1
"collection_icon",1b5f49aa9,151,649,125,132,0,0,125,132,1
"video_btn_white",14280553b,314,1713,49,36,0,0,49,36,0
"coins_8",1f3fbc33c,74,216,16,65,1,0.5,70,66,0
"Skill_Revocation1",14280553b,474,1145,113,125,0,0,113,125,1
"No1",14280553b,731,1630,42,45,0,0,42,45,1
"coins_10",1f3fbc33c,96,216,16,65,1,0.5,70,66,0
"bullet_close",1b5f49aa9,303,187,40,40,0,0,40,40,0
"Icon_Bullet",14280553b,381,1208,87,53,0,0,87,53,0
"bf_topic",159878452,19,3,639,613,-0.5,13.5,640,640,1
"rank_item_white",14280553b,315,1398,19,59,0,0,19,59,1
"coins_14",1f3fbc33c,70,432,50,65,2,0.5,70,66,0
"location_icon",1b5f49aa9,358,3,140,120,0,0,140,120,0
"Switch0_2",14280553b,729,3,111,56,0,0,111,56,1
"Base_Title1",14280553b,626,843,52,91,0,0,52,91,1
"topic_setting",1b5f49aa9,396,769,81,87,0,0,81,87,1
"default_panel",d8HsitJHxOYqo801xBk8ev,0,0,20,20,0,0,20,20,0
"sp_stage_0",14280553b,696,1830,23,23,0,0,23,23,0
"friend_icon",1b5f49aa9,134,780,125,132,0,0,125,132,0
"default_sprite_splash",02delMVqdBD70a/HSD99FK,0,0,2,2,0,0,2,2,0
"topic_title",159878452,138,1356,52,91,0,0,52,91,0
"topic_arrow_left",159878452,72,1356,60,84,0,0,60,84,0
"topic_vs",159878452,205,1258,93,93,0,0,93,93,0
"coins_18",1f3fbc33c,3,219,65,65,1.5,0.5,70,66,0
"topic_black_btn",159878452,19,1130,127,52,0,0,127,52,1
"sp_rank",14280553b,381,1121,81,87,0,0,81,87,1
"Switch0",14280553b,731,1678,44,43,0,0,44,43,0
"rank_text_black",14280553b,726,1773,37,37,0,0,37,37,0
"topic_progress_line_blue",159878452,3,1565,167,4,0,0,167,4,0
"topic_title_blue",159878452,77,1130,107,102,0,0,107,102,1
"topic_back",1b5f49aa9,265,780,125,132,0,0,125,132,0
"topic_moon",159878452,205,1130,122,123,0,0,122,123,1
"tomb_bubble_icon",14280553b,3,1789,255,152,0,0,255,152,1
"Button_Gray1",14280553b,626,784,53,92,0,0,53,92,1
"Switch0_1",14280553b,315,1510,111,56,0,0,111,56,1
"coins_1",1f3fbc33c,3,75,66,65,-1,0.5,70,66,1
"tag_icon",1b5f49aa9,303,134,47,47,0,0,47,47,0
"main_btn_white",14280553b,3,1486,306,99,0,0,306,99,0
"sp_stage_1",14280553b,3,1696,83,39,0,0,83,39,1
"topic_close",159878452,349,1324,69,76,0,0,69,76,1
"coins_0",1f3fbc33c,3,147,66,65,0,0.5,70,66,1
"topic_tag_red",159878452,196,1357,46,47,0,0,46,47,1
"main_btn_red",14280553b,3,1591,306,99,0,0,306,99,0
"sp_date_bg",14280553b,612,1787,30,30,0,0,30,30,0
"coins_16",1f3fbc33c,3,503,59,65,1.5,0.5,70,66,0
"topic_graylight_bg",159878452,300,1357,30,30,0,0,30,30,0
"coins_5",1f3fbc33c,72,361,49,65,-1.5,0.5,70,66,0
"begin_game_desc",14280553b,3,1034,372,236,0,0,372,236,0
"Skin",c6ZnLjjR1C5q0R0lLcDKCO,0,0,639,282,-0.5,179,640,640,0
"topic_arrow_right",159878452,304,1258,60,84,0,0,60,84,1
"coins_17",1f3fbc33c,3,361,63,65,1.5,0.5,70,66,0
"Cookie_Get1",12rdb4E3dJHp9/lAq2C2+q,0,0,111,110,0,0,111,110,0
"coins_4",1f3fbc33c,3,574,55,65,-1.5,0.5,70,66,1
"topic_top_bg",159878452,19,648,476,248,0,0,476,248,1
"coins_7",1f3fbc33c,74,74,33,65,-0.5,0.5,70,66,0
"topic_progress_blue",159878452,23,1575,14,14,0,0,14,14,0
"rank_header_black",14280553b,727,384,126,59,0,0,126,59,1
"play_game_btn",14280553b,624,901,407,162,0,0,407,162,1
"Skill_Random1",14280553b,485,780,114,135,0,0,114,135,1
"star2",3ciwAwS9tC9LBqTD0p/V5h,0,0,86,86,0,0,86,86,0
"羊了个羊弹幕2_0",1b5f49aa9,303,252,511,192,-0.5,32,512,256,1
"coins_12",1f3fbc33c,74,3,39,65,2.5,0.5,70,66,0
"Switch1",14280553b,315,1656,52,51,0,0,52,51,0
"midBg",14280553b,612,1511,71,152,0,0,71,152,1
"topic_point",1b5f49aa9,396,856,81,87,0,0,81,87,1
"rank_header_orange",14280553b,727,516,126,59,0,0,126,59,1
"topic_progress_line_red",159878452,176,1565,167,4,0,0,167,4,0
"LED",cc2IKwi8pM0It8a3wpGje7,0,0,127,123,-0.5,2.5,128,128,0
"bullet_rect_icon",1b5f49aa9,44,907,16,53,0,0,16,53,1
"public_block_barefoot",14280553b,3,780,476,248,0,0,476,248,0
"coins_15",1f3fbc33c,68,503,55,65,2.5,0.5,70,66,0
"video_btn_block",14280553b,731,1588,49,36,0,0,49,36,0
"coins_3",1f3fbc33c,3,432,61,65,-1.5,0.5,70,66,0
"propBtn",14280553b,161,1696,147,122,0,0,147,122,0
"topic_title_red",159878452,77,1243,107,102,0,0,107,102,1
"rank_header_blue",14280553b,727,648,126,59,0,0,126,59,1
"public_desk_icon",14280553b,485,900,133,118,0,0,133,118,0
"sp_setting",14280553b,612,1914,69,73,0,0,69,73,1
"public_share_icon",14280553b,627,593,94,99,0,0,94,99,0
"topic_black_bg",159878452,249,1357,45,45,0,0,45,45,0
"topic_cloud1",159878452,19,1263,96,47,0,0,96,47,1
