commit,date_utc,dj2_binary_present,18_missing_audio_native_present,note
4563bce9a65d57fc3a69e383b5acf2a925d8037f,2022-09-15T03:59:36Z,no,no,checked recursive tree; absent from every one of the 10 public commits
ea0d190425b1fc62b12bd178f29461080fd941cb,2022-09-15T04:04:57Z,no,no,checked recursive tree; absent from every one of the 10 public commits
f03f6bf9725b6e3e39fa3cdfc9b2dc8b7c08d37a,2022-09-15T04:09:11Z,no,no,checked recursive tree; absent from every one of the 10 public commits
434c8e47a4174d07c64d08e23bf1241dd3f72066,2022-09-15T04:13:21Z,no,no,checked recursive tree; absent from every one of the 10 public commits
58107879a9ccae259c3076dc2d64dc676647f7b5,2022-09-15T09:43:38Z,no,no,checked recursive tree; absent from every one of the 10 public commits
32a283027f1ef421c869859f029474bca40bda4a,2022-09-15T10:38:50Z,no,no,checked recursive tree; absent from every one of the 10 public commits
38922e19c800bfaa43b870d3c03e44abea6a3a57,2022-09-15T12:39:06Z,no,no,checked recursive tree; absent from every one of the 10 public commits
4fa3dd756059b33d440ce169fe9684943462534b,2022-09-15T13:32:30Z,no,no,checked recursive tree; absent from every one of the 10 public commits
70780f949920db72f0ccb1a16d64edd51f8f646d,2022-09-15T13:48:33Z,no,no,checked recursive tree; absent from every one of the 10 public commits
11fe37888add6f44f688f798ede3c6fd612eedc5,2022-09-15T13:55:24Z,no,no,checked recursive tree; absent from every one of the 10 public commits
