asset_key,import_path,texture_alias,rect_x,rect_y,rect_w,rect_h,offset_x,offset_y,original_w,original_h,rotated
block_bg,assets/resources/import/6c/6c6699a6-ed94-47de-9713-dd5eca90e231.5e178.json,1bb1ee4cb,3,3,120,135,0,0,120,135,0
block_1,assets/resources/import/40/4062e2b3-5e75-4b9d-983e-7f2803d5969b.2891c.json,1bb1ee4cb,702,511,98,89,-1,6,120,135,1
block_2,assets/resources/import/36/36b05d71-13fb-4775-9cd2-a5d2f9e8687c.6aa97.json,1bb1ee4cb,803,286,92,92,5,7.5,120,135,0
block_3,assets/resources/import/3e/3ec77f07-9ecb-465c-957d-483feceba1d5.3d951.json,1bb1ee4cb,717,714,91,93,-0.5,8,120,135,0
block_4,assets/resources/import/77/772d088f-fdc2-463c-9ef4-afc384971ffa.2fc16.json,1bb1ee4cb,797,500,98,87,2,1,120,135,1
block_5,assets/resources/import/b7/b788aef0-113a-45fd-9046-6d67e8a4e81f.429b7.json,1bb1ee4cb,555,3,92,99,0,8,120,135,1
block_6,assets/resources/import/95/95d1303a-1923-4abe-92b6-e380b9c3b64a.dcb17.json,1bb1ee4cb,831,192,87,96,-1.5,5.5,120,135,1
block_7,assets/resources/import/86/86fe43a4-dfe1-4862-970a-83b81ea39869.be4fe.json,1bb1ee4cb,522,301,94,96,2,7.5,120,135,0
block_8,assets/resources/import/1a/1a77d12e-5b4d-4015-bee3-9c28d47aa03d.d6474.json,1bb1ee4cb,516,641,94,95,0,6,120,135,0
block_9,assets/resources/import/d8/d80f3b47-04da-4466-a808-f4a9f0e5aa6b.a61d8.json,1bb1ee4cb,452,3,94,97,0,7,120,135,1
block_10,assets/resources/import/32/32a27af2-3d88-4cf6-b4a2-ca1443c4f3c6.0f5a6.json,1bb1ee4cb,523,846,62,96,0,7.5,120,135,1
block_11,assets/resources/import/29/2968b84d-46bb-4114-9fae-83524652e4fb.c290a.json,1bb1ee4cb,514,199,96,95,0,5,120,135,1
block_12,assets/resources/import/52/52f42d3f-cdf5-4446-9a57-6c9917811c8f.71b52.json,1bb1ee4cb,765,3,88,100,1,7.5,120,135,1
block_13,assets/resources/import/4d/4d908ac2-e64c-4108-b069-95f5cfa92246.b9aea.json,1bb1ee4cb,871,3,96,86,0,6.5,120,135,0
block_14,assets/resources/import/ff/ff23e274-e6fe-4d87-b0d6-5a5c857d6411.37788.json,1bb1ee4cb,510,530,86,105,-1,5,120,135,0
block_15,assets/resources/import/e2/e2158a8c-b32f-4e03-bec2-bc7c2e2cb44d.6375a.json,1bb1ee4cb,711,615,93,92,-0.5,6.5,120,135,1
block_16,assets/resources/import/82/8272770c-a9b8-4ec4-9670-18cacc9c9dbf.06c37.json,1bb1ee4cb,648,910,74,104,-1,7.5,120,135,0
