logical_key,decoded_uuid,native_version,expected_filename,qierkang_sep15,bkkkker_sep16,other_public_repo_search,status
audio/music/topic_cycle,0f0de50a-ee7b-42fb-8206-a58ffecdb79d,24f68,0f0de50a-ee7b-42fb-8206-a58ffecdb79d.24f68.mp3,not present,not present,exact UUID/filename searches and selected 2022 repo mirrors: not located,U
audio/sound/Coin2,1865915c-8716-4458-a44a-c0e39c9f6620,78216,1865915c-8716-4458-a44a-c0e39c9f6620.78216.mp3,not present,not present,exact UUID/filename searches and selected 2022 repo mirrors: not located,U
audio/sound/random,18e9b200-dc1f-4233-a8d7-7f29a5fd24c8,0ec5a,18e9b200-dc1f-4233-a8d7-7f29a5fd24c8.0ec5a.mp3,not present,not present,exact UUID/filename searches and selected 2022 repo mirrors: not located,U
audio/sound/Open1,209373b3-7266-4ec1-a341-57bf017902e8,a8cad,209373b3-7266-4ec1-a341-57bf017902e8.a8cad.mp3,not present,not present,exact UUID/filename searches and selected 2022 repo mirrors: not located,U
audio/sound/Open2,28de2e39-6ccf-4120-bcf3-27900df684a7,70db5,28de2e39-6ccf-4120-bcf3-27900df684a7.70db5.mp3,not present,not present,exact UUID/filename searches and selected 2022 repo mirrors: not located,U
audio/sound/Unlock_Furniture,382ab13f-8102-4106-a40c-47990d344b99,ce53a,382ab13f-8102-4106-a40c-47990d344b99.ce53a.mp3,not present,not present,exact UUID/filename searches and selected 2022 repo mirrors: not located,U
audio/sound/Clothe_Upgrade,6d7f412b-e328-451d-8f84-76c4ab6f2ffe,a660d,6d7f412b-e328-451d-8f84-76c4ab6f2ffe.a660d.mp3,not present,not present,exact UUID/filename searches and selected 2022 repo mirrors: not located,U
audio/sound/fish-fly,798eb69c-00ea-481e-93c6-44ca250db9df,9c9d7,798eb69c-00ea-481e-93c6-44ca250db9df.9c9d7.mp3,not present,not present,exact UUID/filename searches and selected 2022 repo mirrors: not located,U
audio/sound/moveOut,805486a9-fbc2-483d-b086-4f6104c80f0b,bc433,805486a9-fbc2-483d-b086-4f6104c80f0b.bc433.mp3,not present,not present,exact UUID/filename searches and selected 2022 repo mirrors: not located,U
audio/sound/Unlock_Cat,88807fc1-abaa-4f8d-b5e3-717b632a1eed,1617c,88807fc1-abaa-4f8d-b5e3-717b632a1eed.1617c.mp3,not present,not present,exact UUID/filename searches and selected 2022 repo mirrors: not located,U
audio/sound/pop-fly-end,904f70fd-77af-4cf5-89d4-97b937f3068d,ce67c,904f70fd-77af-4cf5-89d4-97b937f3068d.ce67c.mp3,not present,not present,exact UUID/filename searches and selected 2022 repo mirrors: not located,U
audio/music/topic_begin,a3d2212f-047e-4519-a9ca-08d6a55bcac2,55101,a3d2212f-047e-4519-a9ca-08d6a55bcac2.55101.mp3,not present,not present,exact UUID/filename searches and selected 2022 repo mirrors: not located,U
audio/sound/Words2,ab0efc88-28d8-48af-b9df-c824aa6187bd,e4bcb,ab0efc88-28d8-48af-b9df-c824aa6187bd.e4bcb.mp3,not present,not present,exact UUID/filename searches and selected 2022 repo mirrors: not located,U
audio/sound/reward-emitter,b254e2af-d15d-4a24-8872-675b1e523afc,a7aaa,b254e2af-d15d-4a24-8872-675b1e523afc.a7aaa.mp3,not present,not present,exact UUID/filename searches and selected 2022 repo mirrors: not located,U
audio/sound/main-click,cefe52b5-4fc4-4b5c-ac05-e50c3f2fb57e,12df3,cefe52b5-4fc4-4b5c-ac05-e50c3f2fb57e.12df3.mp3,not present,not present,exact UUID/filename searches and selected 2022 repo mirrors: not located,U
audio/sound/Words1,cf8d5e97-9e25-4c1d-a4b3-a74fc3770d44,d8710,cf8d5e97-9e25-4c1d-a4b3-a74fc3770d44.d8710.mp3,not present,not present,exact UUID/filename searches and selected 2022 repo mirrors: not located,U
audio/sound/Coin1,dade5ef6-a6fb-4fa2-b7ca-15b32af5fc68,ae6ac,dade5ef6-a6fb-4fa2-b7ca-15b32af5fc68.ae6ac.mp3,not present,not present,exact UUID/filename searches and selected 2022 repo mirrors: not located,U
audio/sound/coin-fly,e3f450a6-ccde-4673-89dd-6c06f6e9762d,08cec,e3f450a6-ccde-4673-89dd-6c06f6e9762d.08cec.mp3,not present,not present,exact UUID/filename searches and selected 2022 repo mirrors: not located,U
