source_symbol,normalized_module,interpretation,status
setupPopPrefab,settings,设置弹窗,C_verified_bundle_symbol
getPropPopPrefab,reward,获取道具弹窗,C_verified_bundle_symbol
nothingPopPrefab,generic,无内容/提示弹窗,C_verified_bundle_symbol
failPopPrefab,fail,失败弹窗,C_verified_bundle_symbol
loseLovePopPrefab,fail,失败/生命相关弹窗,C_verified_bundle_symbol
winPopPrefab,win,通关弹窗,C_verified_bundle_symbol
noLimitPopPrefab,reward,不限次/额外机会弹窗,C_verified_bundle_symbol
sheepRankPopPrefab,rank,羊群/排名弹窗,C_verified_bundle_symbol
stagePopPrefab,honor,阶段/荣誉弹窗,C_verified_bundle_symbol
bulletScreenPopPrefab,bullet,弹幕弹窗,C_verified_bundle_symbol
nextLevelPopPrefab,progress,下一关/继续弹窗,C_verified_bundle_symbol
shareNodePopPrefab,share,分享弹窗,C_verified_bundle_symbol
topicChoosePopPrefab,topic_pk,话题PK阵营选择,C_verified_bundle_symbol
topicCollectPopPrefab,topic_pk,话题PK收集/结果,C_verified_bundle_symbol
topicLastWinPopPrefab,topic_pk,昨日PK胜方,C_verified_bundle_symbol
topicNewPopPrefab,topic_pk,今日新话题,C_verified_bundle_symbol
todayRankPopPrefab,friends,今日朋友圈排名,C_verified_bundle_symbol
firendRankPopPrefab,friends,好友历史排行榜（源码拼写firend）,C_verified_bundle_symbol
personalPopPrefab,profile,个人资料/名片,C_verified_bundle_symbol
topicJoinedPopPrefab,topic_pk,已加入阵营,C_verified_bundle_symbol
challengeSucPopPrefab,win,挑战成功,C_verified_bundle_symbol
