resource_name,texture_alias,native_path,x,y,w,h,original_w,original_h,rotated
Skill_Random1,14280553b,assets/main/native/14/14280553b.cc313.png,485,780,114,135,114,135,1
Skill_ShiftOut1,14280553b,assets/main/native/14/14280553b.cc313.png,485,1024,115,133,115,133,1
Skill_Revocation1,14280553b,assets/main/native/14/14280553b.cc313.png,474,1145,113,125,113,125,1
rank_bg,14280553b,assets/main/native/14/14280553b.cc313.png,3,71,516,718,516,718,1
rank_icon,1b5f49aa9,assets/main/native/1b/1b5f49aa9.8f1f9.png,3,769,125,132,125,132,0
friend_icon,1b5f49aa9,assets/main/native/1b/1b5f49aa9.8f1f9.png,134,780,125,132,125,132,0
collection_icon,1b5f49aa9,assets/main/native/1b/1b5f49aa9.8f1f9.png,151,649,125,132,125,132,1
topic_icon,1b5f49aa9,assets/main/native/1b/1b5f49aa9.8f1f9.png,3,3,349,125,349,125,0
topic_bg,159878452,assets/main/native/15/159878452.961d9.png,3,3,10,1499,10,1499,0
topic_top_bg,159878452,assets/main/native/15/159878452.961d9.png,19,648,476,248,476,248,1
topic_vs,159878452,assets/main/native/15/159878452.961d9.png,205,1258,93,93,93,93,0
topic_title_red,159878452,assets/main/native/15/159878452.961d9.png,77,1243,107,102,107,102,1
topic_title_blue,159878452,assets/main/native/15/159878452.961d9.png,77,1130,107,102,107,102,1
topic_arrow_left,159878452,assets/main/native/15/159878452.961d9.png,72,1356,60,84,60,84,0
topic_arrow_right,159878452,assets/main/native/15/159878452.961d9.png,304,1258,60,84,60,84,1
topic_progress_line_red,159878452,assets/main/native/15/159878452.961d9.png,176,1565,167,4,167,4,0
topic_progress_line_blue,159878452,assets/main/native/15/159878452.961d9.png,3,1565,167,4,167,4,0
topic_progress_red,159878452,assets/main/native/15/159878452.961d9.png,3,1575,14,14,14,14,0
topic_progress_blue,159878452,assets/main/native/15/159878452.961d9.png,23,1575,14,14,14,14,0
main_btn_block,14280553b,assets/main/native/14/14280553b.cc313.png,3,1276,306,99,306,99,0
main_btn_gray,14280553b,assets/main/native/14/14280553b.cc313.png,3,1381,306,99,306,99,0
main_btn_white,14280553b,assets/main/native/14/14280553b.cc313.png,3,1486,306,99,306,99,0
main_btn_red,14280553b,assets/main/native/14/14280553b.cc313.png,3,1591,306,99,306,99,0
play_game_btn,14280553b,assets/main/native/14/14280553b.cc313.png,624,901,407,162,407,162,1
Button_Close1,14280553b,assets/main/native/14/14280553b.cc313.png,696,1859,69,76,69,76,1
sp_setting,14280553b,assets/main/native/14/14280553b.cc313.png,612,1914,69,73,69,73,1
sp_setting_blue,14280553b,assets/main/native/14/14280553b.cc313.png,381,1034,81,87,81,87,1
sp_rank,14280553b,assets/main/native/14/14280553b.cc313.png,381,1121,81,87,81,87,1
location_icon,1b5f49aa9,assets/main/native/1b/1b5f49aa9.8f1f9.png,358,3,140,120,140,120,0
bullet_icon,1b5f49aa9,assets/main/native/1b/1b5f49aa9.8f1f9.png,358,129,140,117,140,117,0
bullet_send_yellow,1b5f49aa9,assets/main/native/1b/1b5f49aa9.8f1f9.png,3,649,113,68,113,68,1
bullet_send_black,1b5f49aa9,assets/main/native/1b/1b5f49aa9.8f1f9.png,77,649,113,68,113,68,1
bullet_close,1b5f49aa9,assets/main/native/1b/1b5f49aa9.8f1f9.png,303,187,40,40,40,40,0
share_btn_icon,14280553b,assets/main/native/14/14280553b.cc313.png,683,1703,42,44,42,44,0
public_share_icon,14280553b,assets/main/native/14/14280553b.cc313.png,627,593,94,99,94,99,0
public_me_btn,14280553b,assets/main/native/14/14280553b.cc313.png,187,1939,112,106,112,106,0
public_focus_icon,14280553b,assets/main/native/14/14280553b.cc313.png,612,1588,109,113,109,113,1
public_child_icon,14280553b,assets/main/native/14/14280553b.cc313.png,187,1824,109,117,109,117,1
public_desk_icon,14280553b,assets/main/native/14/14280553b.cc313.png,485,900,133,118,133,118,0
Icon_Music,14280553b,assets/main/native/14/14280553b.cc313.png,315,1276,60,66,60,66,0
Icon_Sound,14280553b,assets/main/native/14/14280553b.cc313.png,725,780,72,60,72,60,1
Icon_Vibration,14280553b,assets/main/native/14/14280553b.cc313.png,315,1423,81,58,81,58,1
Icon_Bullet,14280553b,assets/main/native/14/14280553b.cc313.png,381,1208,87,53,87,53,0
