base_page,base_slot,clothesId,config_name,spName,spSkin,unlock_default,dressing_default,acquisition_class,topic_pair,display_order_note,evidence
1,1,1,羊了个羊,Sheeps,skin_00,true,true,default,,base config order only; unlocked skins are sorted forward at runtime,C: 2022-09-15 community build; H: 2022-09-16 screenshot proves 4/4 UI
1,2,2,口罩羊,Sheeps,skin_01,false,false,regular-clear-or-topic-win,,base config order only; unlocked skins are sorted forward at runtime,C: 2022-09-15 community build; H: 2022-09-16 screenshot proves 4/4 UI
1,3,3,节日羊,Sheeps,skin_02,false,false,regular-clear-or-topic-win,,base config order only; unlocked skins are sorted forward at runtime,C: 2022-09-15 community build; H: 2022-09-16 screenshot proves 4/4 UI
1,4,4,披羊皮的狼,Sheeps,skin_03,false,false,regular-clear-or-topic-win,,base config order only; unlocked skins are sorted forward at runtime,C: 2022-09-15 community build; H: 2022-09-16 screenshot proves 4/4 UI
1,5,5,汉堡羊,Sheeps,skin_04,false,false,regular-clear-or-topic-win,,base config order only; unlocked skins are sorted forward at runtime,C: 2022-09-15 community build; H: 2022-09-16 screenshot proves 4/4 UI
1,6,6,水军羊,Sheeps,skin_05,false,false,regular-clear-or-topic-win,,base config order only; unlocked skins are sorted forward at runtime,C: 2022-09-15 community build; H: 2022-09-16 screenshot proves 4/4 UI
1,7,7,拉斐尔,Sheeps,skin_06,false,false,regular-clear-or-topic-win,,base config order only; unlocked skins are sorted forward at runtime,C: 2022-09-15 community build; H: 2022-09-16 screenshot proves 4/4 UI
1,8,8,僵尸羊,ThemeSheeps,The01A,false,false,topic-pk,僵尸vs道士,base config order only; unlocked skins are sorted forward at runtime,C: 2022-09-15 community build; H: 2022-09-16 screenshot proves 4/4 UI
1,9,9,道士羊,ThemeSheeps,The01B,false,false,topic-pk,僵尸vs道士,base config order only; unlocked skins are sorted forward at runtime,C: 2022-09-15 community build; H: 2022-09-16 screenshot proves 4/4 UI
1,10,10,狼人羊,ThemeSheeps,The02A,false,false,topic-pk,狼人vs吸血鬼,base config order only; unlocked skins are sorted forward at runtime,C: 2022-09-15 community build; H: 2022-09-16 screenshot proves 4/4 UI
1,11,11,吸血鬼羊,ThemeSheeps,The02B,false,false,topic-pk,狼人vs吸血鬼,base config order only; unlocked skins are sorted forward at runtime,C: 2022-09-15 community build; H: 2022-09-16 screenshot proves 4/4 UI
1,12,12,黑羊,ThemeSheeps,The03A,false,false,topic-pk,黑羊vs白羊,base config order only; unlocked skins are sorted forward at runtime,C: 2022-09-15 community build; H: 2022-09-16 screenshot proves 4/4 UI
2,1,13,白羊,ThemeSheeps,The03B,false,false,topic-pk,黑羊vs白羊,base config order only; unlocked skins are sorted forward at runtime,C: 2022-09-15 community build; H: 2022-09-16 screenshot proves 4/4 UI
2,2,14,练习生,Sheeps,skin_07,false,false,regular-clear-or-topic-win,,base config order only; unlocked skins are sorted forward at runtime,C: 2022-09-15 community build; H: 2022-09-16 screenshot proves 4/4 UI
2,3,15,建设羊,Sheeps,skin_08,false,false,regular-clear-or-topic-win,,base config order only; unlocked skins are sorted forward at runtime,C: 2022-09-15 community build; H: 2022-09-16 screenshot proves 4/4 UI
2,4,16,水冰羊,Sheeps,skin_09,false,false,regular-clear-or-topic-win,,base config order only; unlocked skins are sorted forward at runtime,C: 2022-09-15 community build; H: 2022-09-16 screenshot proves 4/4 UI
2,5,17,寿司羊,Sheeps,skin_10,false,false,regular-clear-or-topic-win,,base config order only; unlocked skins are sorted forward at runtime,C: 2022-09-15 community build; H: 2022-09-16 screenshot proves 4/4 UI
2,6,18,超级赛亚羊,Sheeps,skin_11,false,false,regular-clear-or-topic-win,,base config order only; unlocked skins are sorted forward at runtime,C: 2022-09-15 community build; H: 2022-09-16 screenshot proves 4/4 UI
2,7,19,玄奘,Sheeps,skin_12,false,false,regular-clear-or-topic-win,,base config order only; unlocked skins are sorted forward at runtime,C: 2022-09-15 community build; H: 2022-09-16 screenshot proves 4/4 UI
2,8,20,公主羊,Sheeps,skin_13,false,false,regular-clear-or-topic-win,,base config order only; unlocked skins are sorted forward at runtime,C: 2022-09-15 community build; H: 2022-09-16 screenshot proves 4/4 UI
2,9,21,卧龙,Sheeps,skin_14,false,false,regular-clear-or-topic-win,,base config order only; unlocked skins are sorted forward at runtime,C: 2022-09-15 community build; H: 2022-09-16 screenshot proves 4/4 UI
2,10,22,蓝蓝路,Sheeps,skin_15,false,false,regular-clear-or-topic-win,,base config order only; unlocked skins are sorted forward at runtime,C: 2022-09-15 community build; H: 2022-09-16 screenshot proves 4/4 UI
2,11,23,超级英雄,Sheeps,skin_16,false,false,regular-clear-or-topic-win,,base config order only; unlocked skins are sorted forward at runtime,C: 2022-09-15 community build; H: 2022-09-16 screenshot proves 4/4 UI
2,12,24,太空羊,Sheeps,skin_17,false,false,regular-clear-or-topic-win,,base config order only; unlocked skins are sorted forward at runtime,C: 2022-09-15 community build; H: 2022-09-16 screenshot proves 4/4 UI
3,1,25,粉粉羊,Sheeps,skin_18,false,false,regular-clear-or-topic-win,,base config order only; unlocked skins are sorted forward at runtime,C: 2022-09-15 community build; H: 2022-09-16 screenshot proves 4/4 UI
3,2,26,国民老公,Sheeps,skin_19,false,false,regular-clear-or-topic-win,,base config order only; unlocked skins are sorted forward at runtime,C: 2022-09-15 community build; H: 2022-09-16 screenshot proves 4/4 UI
3,3,27,白娘子,Sheeps,skin_20,false,false,regular-clear-or-topic-win,,base config order only; unlocked skins are sorted forward at runtime,C: 2022-09-15 community build; H: 2022-09-16 screenshot proves 4/4 UI
3,4,28,护士羊,Sheeps,skin_21,false,false,regular-clear-or-topic-win,,base config order only; unlocked skins are sorted forward at runtime,C: 2022-09-15 community build; H: 2022-09-16 screenshot proves 4/4 UI
3,5,29,八戒,Sheeps,skin_22,false,false,regular-clear-or-topic-win,,base config order only; unlocked skins are sorted forward at runtime,C: 2022-09-15 community build; H: 2022-09-16 screenshot proves 4/4 UI
3,6,30,吐司羊,Sheeps,skin_23,false,false,regular-clear-or-topic-win,,base config order only; unlocked skins are sorted forward at runtime,C: 2022-09-15 community build; H: 2022-09-16 screenshot proves 4/4 UI
3,7,31,蜗牛羊,Sheeps,skin_24,false,false,regular-clear-or-topic-win,,base config order only; unlocked skins are sorted forward at runtime,C: 2022-09-15 community build; H: 2022-09-16 screenshot proves 4/4 UI
3,8,32,MJ羊,Sheeps,skin_25,false,false,regular-clear-or-topic-win,,base config order only; unlocked skins are sorted forward at runtime,C: 2022-09-15 community build; H: 2022-09-16 screenshot proves 4/4 UI
3,9,33,干豆腐,Sheeps,skin_26,false,false,regular-clear-or-topic-win,,base config order only; unlocked skins are sorted forward at runtime,C: 2022-09-15 community build; H: 2022-09-16 screenshot proves 4/4 UI
3,10,34,修女羊,Sheeps,skin_27,false,false,regular-clear-or-topic-win,,base config order only; unlocked skins are sorted forward at runtime,C: 2022-09-15 community build; H: 2022-09-16 screenshot proves 4/4 UI
3,11,35,女王羊,Sheeps,skin_28,false,false,regular-clear-or-topic-win,,base config order only; unlocked skins are sorted forward at runtime,C: 2022-09-15 community build; H: 2022-09-16 screenshot proves 4/4 UI
3,12,36,小波,Sheeps,skin_29,false,false,regular-clear-or-topic-win,,base config order only; unlocked skins are sorted forward at runtime,C: 2022-09-15 community build; H: 2022-09-16 screenshot proves 4/4 UI
4,1,37,云长,Sheeps,skin_30,false,false,regular-clear-or-topic-win,,base config order only; unlocked skins are sorted forward at runtime,C: 2022-09-15 community build; H: 2022-09-16 screenshot proves 4/4 UI
4,2,38,圣斗士羊,Sheeps,skin_31,false,false,regular-clear-or-topic-win,,base config order only; unlocked skins are sorted forward at runtime,C: 2022-09-15 community build; H: 2022-09-16 screenshot proves 4/4 UI
4,3,39,祢豆子,Sheeps,skin_32,false,false,regular-clear-or-topic-win,,base config order only; unlocked skins are sorted forward at runtime,C: 2022-09-15 community build; H: 2022-09-16 screenshot proves 4/4 UI
4,4,40,圣诞羊,Sheeps,skin_33,false,false,regular-clear-or-topic-win,,base config order only; unlocked skins are sorted forward at runtime,C: 2022-09-15 community build; H: 2022-09-16 screenshot proves 4/4 UI
4,5,41,五仁羊,ThemeSheeps,The04A,false,false,topic-pk,五仁vs莲蓉,base config order only; unlocked skins are sorted forward at runtime,C: 2022-09-15 community build; H: 2022-09-16 screenshot proves 4/4 UI
4,6,42,莲蓉羊,ThemeSheeps,The04B,false,false,topic-pk,五仁vs莲蓉,base config order only; unlocked skins are sorted forward at runtime,C: 2022-09-15 community build; H: 2022-09-16 screenshot proves 4/4 UI
4,7,43,学生羊,ThemeSheeps,The05A,false,false,topic-pk,学生vs老师,base config order only; unlocked skins are sorted forward at runtime,C: 2022-09-15 community build; H: 2022-09-16 screenshot proves 4/4 UI
4,8,44,老师羊,ThemeSheeps,The05B,false,false,topic-pk,学生vs老师,base config order only; unlocked skins are sorted forward at runtime,C: 2022-09-15 community build; H: 2022-09-16 screenshot proves 4/4 UI
4,9,45,嫦娥羊,ThemeSheeps,The06A,false,false,topic-pk,嫦娥vs玉兔,base config order only; unlocked skins are sorted forward at runtime,C: 2022-09-15 community build; H: 2022-09-16 screenshot proves 4/4 UI
4,10,46,玉兔羊,ThemeSheeps,The06B,false,false,topic-pk,嫦娥vs玉兔,base config order only; unlocked skins are sorted forward at runtime,C: 2022-09-15 community build; H: 2022-09-16 screenshot proves 4/4 UI
4,11,47,学童羊,ThemeSheeps,The07A,false,false,topic-pk,学童vs夫子,base config order only; unlocked skins are sorted forward at runtime,C: 2022-09-15 community build; H: 2022-09-16 screenshot proves 4/4 UI
4,12,48,夫子羊,ThemeSheeps,The07B,false,false,topic-pk,学童vs夫子,base config order only; unlocked skins are sorted forward at runtime,C: 2022-09-15 community build; H: 2022-09-16 screenshot proves 4/4 UI
